"","toppID","TOPP.ID","serialNumber","commonName","yearDeployed","project","isDrifter","firstDetectionTime","firstDetectionLong","firstDetectionLat","numberDetections"
"1","1503001","1503001",19566,"Shortfin Mako Shark",2003,1,0,"2003-06-26T09:07:47Z","241.58499","33.608",13
"2","1503003","1503003",18955,"Shortfin Mako Shark",2003,1,0,"2003-07-04T02:50:58Z","242.423","33.024",40
"3","1503004","1503004",25105,"Shortfin Mako Shark",2003,1,0,"2003-07-02T08:13:00Z","240.62799","33.754",37
"4","1503005","1503005",28440,"Shortfin Mako Shark",2003,1,1,"2003-12-28T03:23:33Z","240.77301","32.145",8
"5","1503006","1503006",25106,"Shortfin Mako Shark",2003,1,0,"2003-07-02T03:23:57Z","240.53299","33.984",39
"6","1503007","1503007",25341,"Shortfin Mako Shark",2003,1,1,"2004-04-02T11:26:29Z","232.29901","31.413",7
"7","1503008","1503008",19570,"Shortfin Mako Shark",2003,1,0,"2003-07-04T10:57:21Z","241.219","33.642",36
"8","1503010","1503010",37610,"Shortfin Mako Shark",2003,1,0,"2003-07-07T02:18:30Z","242.097","33.417",16
"9","1503011","1503011",28439,"Shortfin Mako Shark",2003,1,1,"2003-09-09T05:41:32Z","240.929","31.596",7
"10","1504001","1504001",41770,"Shortfin Mako Shark",2004,1,1,"2004-12-21T22:46:59Z","245.093","28.869",5
"11","1504002","1504002",52118,"Shortfin Mako Shark",2004,1,0,"2004-06-29T01:58:28Z","242.15201","33.48",9
"12","1504003","1504003",41774,"Shortfin Mako Shark",2004,1,1,"2005-02-12T06:19:13Z","245.1","22.563",4
"13","1504004","1504004",41681,"Shortfin Mako Shark",2004,1,0,"2004-06-30T20:58:35Z","240.51599","33.894",19
"14","1504005","1504005",52119,"Shortfin Mako Shark",2004,1,0,"2004-07-13T05:52:51Z","242.548","28.37",29
"15","1504006","1504006",52132,"Shortfin Mako Shark",2004,1,0,"2004-07-04T12:51:19Z","241.10199","33.823",23
"16","1504007","1504007",52116,"Shortfin Mako Shark",2004,1,0,"2004-07-15T01:25:18Z","242.624","32.287",29
"17","1504008","1504008",52117,"Shortfin Mako Shark",2004,1,0,"2004-07-09T03:10:11Z","241.677","33.513",20
"18","1504009","1504009",52129,"Shortfin Mako Shark",2004,1,0,"2004-07-20T02:47:20Z","238.695","33.056",19
"19","1504010","1504010",52122,"Shortfin Mako Shark",2004,1,0,"2004-08-10T10:16:59Z","242.364","32.602",27
"20","1504011","1504011",52121,"Shortfin Mako Shark",2004,1,0,"2004-07-07T04:48:59Z","241.52899","33.054",19
"21","1504012","1504012",52128,"Shortfin Mako Shark",2004,1,0,"2004-08-06T02:15:28Z","242.351","32.909",5
"22","1504013","1504013",52227,"Shortfin Mako Shark",2004,1,1,"2005-02-12T04:39:01Z","250.54599","23.187",3
"23","1504014","1504014",52212,"Shortfin Mako Shark",2004,1,0,"2004-11-11T01:13:42Z","238.59201","33.473",10
"24","1504015","1504015",52878,"Shortfin Mako Shark",2004,1,1,"2005-02-15T11:01:10Z","247.276","24.754",1
"25","1505001","1505001",52124,"Shortfin Mako Shark",2005,1,0,"2005-06-26T01:33:59Z","242.47101","32.798",1
"26","1505002","1505002",54571,"Shortfin Mako Shark",2005,1,1,"2005-12-19T04:10:18Z","246.534","26.093",6
"27","1505003","1505003",52234,"Shortfin Mako Shark",2005,1,1,"2005-07-20T11:50:30Z","238.541","32.358",9
"28","1505004","1505004",54591,"Shortfin Mako Shark",2005,1,0,"2005-07-10T02:40:39Z","241.927","32.911",34
"29","1505005","1505005",52123,"Shortfin Mako Shark",2005,1,0,"2005-07-15T10:46:24Z","242.787","30.58",7
"30","1505006","1505006",54570,"Shortfin Mako Shark",2005,1,1,"2006-01-11T13:34:27Z","243.705","30.312",2
"31","1505007","1505007",54575,"Shortfin Mako Shark",2005,1,1,"2006-01-17T14:31:24Z","240.599","30.365",6
"32","1505008","1505008",54593,"Shortfin Mako Shark",2005,1,0,"2005-07-23T12:29:45Z","242.66699","32.987",11
"33","1506001","1506001",54607,"Shortfin Mako Shark",2006,1,0,"2006-02-06T01:34:13Z","246.606","23.9",4
"34","1506003","1506003",60998,"Shortfin Mako Shark",2006,1,0,"2006-07-02T04:08:40Z","240.418","33.853",22
"35","1506004","1506004",63985,"Shortfin Mako Shark",2006,1,1,"2006-11-02T20:20:23Z","240.103","32.842",3
"36","1506005","1506005",60992,"Shortfin Mako Shark",2006,1,0,"2006-07-14T03:09:22Z","242.011","32.897",8
"37","1506006","1506006",60997,"Shortfin Mako Shark",2006,1,0,"2006-07-18T01:37:44Z","242.31601","33.296",6
"38","1506007","1506007",60991,"Shortfin Mako Shark",2006,1,0,"2006-07-14T06:29:31Z","242.328","33.038",10
"39","1506008","1506008",60993,"Shortfin Mako Shark",2006,1,0,"2006-07-07T06:19:55Z","242.2","32.77",36
"40","1506009","1506009",61953,"Shortfin Mako Shark",2006,1,1,"2006-12-20T11:45:56Z","245.95099","26.817",6
"41","1506010","1506010",61000,"Shortfin Mako Shark",2006,1,0,"2006-07-16T00:53:26Z","242.47","32.695",24
"42","1506011","1506011",59705,"Shortfin Mako Shark",2006,1,0,"2006-07-16T04:47:06Z","241.953","33.226",16
"43","1506012","1506012",61952,"Shortfin Mako Shark",2006,1,1,"2006-11-29T14:18:02Z","241.715","31.182",4
"44","1506013","1506013",63981,"Shortfin Mako Shark",2006,1,1,"2006-10-05T20:05:23Z","242.482","33.009",10
"45","1507001","1507001",68508,"Shortfin Mako Shark",2007,1,0,"2007-08-04T08:32:20Z","240.99701","32.076",24
"46","1507002","1507002",68484,"Shortfin Mako Shark",2007,1,0,"2007-07-04T18:19:41Z","241.604","33.081",16
"47","1507003","1507003",52131,"Shortfin Mako Shark",2007,1,0,"2007-07-23T02:32:34Z","242.651","32.874",16
"48","1507004","1507004",68469,"Shortfin Mako Shark",2007,1,0,"2007-07-31T10:59:45Z","246.358","23.496",5
"49","1507005","1507005",72813,"Shortfin Mako Shark",2007,1,1,"2007-12-02T19:18:30Z","239.841","33.395",7
"50","1507006","1507006",54608,"Shortfin Mako Shark",2007,1,0,"2007-08-12T10:33:30Z","241.893","33.377",20
"51","1507007","1507007",68509,"Shortfin Mako Shark",2007,1,0,"2007-07-17T04:15:14Z","242.526","32.598",11
"52","1507008","1507008",68490,"Shortfin Mako Shark",2007,1,0,"2007-08-08T04:11:43Z","241.787","31.108",18
"53","1507009","1507009",72814,"Shortfin Mako Shark",2007,1,1,"2007-10-22T12:21:33Z","235.626","35.91",11
"54","1507010","1507010",60994,"Shortfin Mako Shark",2007,1,0,"2007-08-23T00:58:35Z","240.106","31.924",18
"55","1507011","1507011",53804,"Shortfin Mako Shark",2007,1,0,"2007-09-11T06:04:55Z","241.101","31.291",30
"56","1507012","1507012",53802,"Shortfin Mako Shark",2007,1,0,"2007-07-26T23:14:17Z","240.686","32.796",22
"57","1508001","1508001",78126,"Shortfin Mako Shark",2008,1,0,"2008-06-12T16:05:09Z","241.481","33.676",2
"58","1508002","1508002",78138,"Shortfin Mako Shark",2008,1,1,"2009-02-18T12:48:45Z","249.81601","22.838",2
"59","1508003","1508003",68304,"Shortfin Mako Shark",2008,1,1,"2008-07-13T17:04:41Z","244.87","28.67",8
"60","1508004","1508004",68518,"Shortfin Mako Shark",2008,1,0,"2008-07-07T02:22:15Z","240.729","32.3",32
"61","1508006","1508006",78127,"Shortfin Mako Shark",2008,1,0,"2008-07-02T03:33:59Z","241.407","33.11",14
"62","1508007","1508007",78148,"Shortfin Mako Shark",2008,1,1,"2008-07-02T00:59:45Z","240.8","34.002",6
"63","1508008","1508008",78155,"Shortfin Mako Shark",2008,1,1,"2009-02-21T06:48:59Z","237.459","28.176",6
"64","1508009","1508009",52240,"Shortfin Mako Shark",2008,1,0,"2009-02-22T05:48:45Z","238.383","32.246",7
"65","1509001","1509001",96293,"Shortfin Mako Shark",2009,1,0,"2009-08-06T03:51:05Z","241.044","33.372",49
"66","1509002","1509002",96296,"Shortfin Mako Shark",2009,1,0,"2009-08-12T02:47:20Z","241.39801","33.25",17
"67","1509003","1509003",96367,"Shortfin Mako Shark",2009,1,0,"2009-08-04T02:39:22Z","240.83301","33.196",26
"68","1509004","1509004",96298,"Shortfin Mako Shark",2009,1,0,"2009-08-18T06:23:26Z","240.52899","29.764",13
"69","1509005","1509005",96366,"Shortfin Mako Shark",2009,1,0,"2009-08-16T03:48:16Z","241.53299","30.067",46
"70","1509006","1509006",96364,"Shortfin Mako Shark",2009,1,0,"2009-08-10T04:18:45Z","241.394","33.555",27
"71","1509007","1509007",96301,"Shortfin Mako Shark",2009,1,0,"2009-08-30T03:09:50Z","241.124","32.583",24
"72","1509008","1509008",96365,"Shortfin Mako Shark",2009,1,0,"2009-08-14T04:22:30Z","241.634","33.414",37
"73","1509009","1509009",87559,"Shortfin Mako Shark",2009,1,0,"2009-08-19T09:22:01Z","242.508","32.574",34
"74","1509010","1509010",87546,"Shortfin Mako Shark",2009,1,0,"2009-09-05T04:10:18Z","240.90799","28.455",31
"75","1509011","1509011",87549,"Shortfin Mako Shark",2009,1,0,"2009-08-22T02:30:28Z","241.707","33.544",41
"76","1509012","1509012",87548,"Shortfin Mako Shark",2009,1,0,"2009-08-24T06:05:37Z","240.948","33.327",28
"77","1510001","1510001",95116,"Shortfin Mako Shark",2010,1,0,"2010-07-20T08:41:43Z","241.711","32.768",5
"78","1510002","1510002",95119,"Shortfin Mako Shark",2010,1,0,"2010-08-01T04:13:35Z","240.571","31.637",29
"79","1510003","1510003",100945,"Shortfin Mako Shark",2010,1,0,"2010-08-19T01:53:54Z","242.357","31.455",45
"80","1511001","1511001",109088,"Shortfin Mako Shark",2011,1,0,"2011-07-01T09:01:24Z","242.288","33.116",27
"81","1511002","1511002",96362,"Shortfin Mako Shark",2011,1,0,"2011-07-17T02:00:56Z","241.476","33.639",32
"82","1512001","1512001",87546,"Shortfin Mako Shark",2012,1,0,"2012-07-01T03:13:35Z","241.588","33.318",10
"83","1512002","1512002",120725,"Shortfin Mako Shark",2012,1,0,"2012-07-13T14:35:09Z","242.067","32.22",63
"84","1512003","1512003",120724,"Shortfin Mako Shark",2012,1,0,"2012-07-13T00:18:16Z","240.41699","33.928",49
"85","1512004","1512004",120686,"Shortfin Mako Shark",2012,1,0,"2012-07-15T06:53:26Z","240.989","33.045",48
"86","1512005","1512005",120685,"Shortfin Mako Shark",2012,1,0,"2012-07-25T02:24:22Z","241.196","29.701",6
"87","1513001","1513001",109089,"Shortfin Mako Shark",2013,1,0,"2013-07-24T00:01:52Z","241.861","31.111",9
"88","1513002","1513002",120687,"Shortfin Mako Shark",2013,1,0,"2013-07-23T05:39:22Z","241.56","33.633",45
"89","1514001","1514001",120690,"Shortfin Mako Shark",2014,1,0,"2014-07-15T10:10:46Z","242.555","32.739",13
"90","1514002","1514002",120688,"Shortfin Mako Shark",2014,1,0,"2014-07-12T13:03:45Z","241.17","33.629",4
"91","1514003","1514003",109094,"Shortfin Mako Shark",2014,1,0,"2014-07-03T01:02:20Z","240.668","33.859",7
"92","1514004","1514004",109093,"Shortfin Mako Shark",2014,1,0,"2014-07-03T02:22:58Z","240.662","33.549",14
"93","1518001","1518001",173599,"Shortfin Mako Shark",2018,1,1,"2018-08-05T22:53:26Z","237.535","34.812",17
"94","1602001","1602001",3191,"Blue Shark",2002,1,1,"2002-08-28T17:49:28Z","245.17801","24.902",2
"95","1602002","1602002",36895,"Blue Shark",2002,1,0,"2002-07-04T20:16:27Z","241.199","31.97",17
"96","1602003","1602003",36894,"Blue Shark",2002,1,0,"2002-08-04T18:16:36Z","239.789","32.217",5
"97","1602004","1602004",37098,"Blue Shark",2002,1,0,"2002-07-23T20:57:05Z","236.285","34.37",1
"98","1602005","1602005",37099,"Blue Shark",2002,1,0,"2002-08-03T03:35:21Z","241.926","33.491",6
"99","1603001","1603001",37608,"Blue Shark",2003,1,0,"2003-07-01T21:11:32Z","238.877","31.835",16
"100","1603002","1603002",37609,"Blue Shark",2003,1,0,"2003-06-28T10:21:19Z","240.33","33.745",12
"101","1603004","1603004",37606,"Blue Shark",2003,1,0,"2003-07-17T20:30:56Z","240.256","34.344",18
"102","1604001","1604001",41782,"Blue Shark",2004,1,1,"2004-07-07T09:57:25Z","242.642","32.319",7
"103","1604002","1604002",41680,"Blue Shark",2004,1,0,"2004-06-24T20:24:57Z","241.44101","32.156",1
"104","1604003","1604003",52127,"Blue Shark",2004,1,0,"2004-07-08T14:34:55Z","237.943","33.827",8
"105","1604004","1604004",54580,"Blue Shark",2004,1,0,"2004-11-26T06:05:58Z","239.617","31.929",3
"106","1604005","1604005",54586,"Blue Shark",2004,1,0,"2004-12-08T14:34:55Z","245.293","28.532",4
"107","1604006","1604006",52216,"Blue Shark",2004,1,0,"2004-10-11T21:24:36Z","244.056","23.875",40
"108","1604007","1604007",53809,"Blue Shark",2004,1,1,"2004-12-29T05:07:08Z","246.219","22.565",2
"109","1604008","1604008",54579,"Blue Shark",2004,1,0,"2004-11-12T06:19:27Z","238.353","35.031",7
"110","1604009","1604009",54587,"Blue Shark",2004,1,0,"2004-11-15T01:19:41Z","236.366","35.763",2
"111","1604010","1604010",54583,"Blue Shark",2004,1,0,"2004-11-17T17:53:33Z","237.199","35.363",18
"112","1604011","1604011",52919,"Blue Shark",2004,1,1,"2005-03-19T14:50:16Z","238.802","12.577",2
"113","1604012","1604012",53792,"Blue Shark",2004,1,0,"2004-11-15T00:40:32Z","237.79599","36.414",9
"114","1604013","1604013",52925,"Blue Shark",2004,1,1,"2004-11-23T12:58:14Z","237.811","36.399",8
"115","1604015","1604015",53791,"Blue Shark",2004,1,0,"2004-11-23T02:30:49Z","239.136","32.613",7
"116","1604016","1604016",53793,"Blue Shark",2004,1,0,"2004-12-03T17:49:06Z","237.305","31.521",12
"117","1604017","1604017",54582,"Blue Shark",2004,1,0,"2004-11-22T15:51:19Z","237.925","34.161",2
"118","1604018","1604018",54581,"Blue Shark",2004,1,0,"2004-12-04T21:15:56Z","243.005","30.417",1
"119","1604019","1604019",53795,"Blue Shark",2004,1,0,"2004-12-01T18:06:54Z","239.627","31.381",4
"120","1604020","1604020",53794,"Blue Shark",2004,1,0,"2004-11-19T01:23:47Z","238.438","35.034",8
"121","1604021","1604021",54601,"Blue Shark",2004,1,0,"2004-11-17T20:05:51Z","238.788","35.449",2
"122","1604022","1604022",52130,"Blue Shark",2004,1,0,"2004-11-28T12:43:00Z","236.65399","33.289",5
"123","1605001","1605001",54572,"Blue Shark",2005,1,1,"2005-07-10T04:58:42Z","242.351","33.325",2
"124","1605002","1605002",54592,"Blue Shark",2005,1,0,"2005-07-11T03:30:07Z","241.689","33.219",17
"125","1606001","1606001",54594,"Blue Shark",2006,1,0,"2006-01-31T15:47:48Z","246.90201","25.309",4
"126","1606002","1606002",54602,"Blue Shark",2006,1,0,"2006-01-30T23:51:19Z","245.85501","25.209",12
"127","1606003","1606003",54605,"Blue Shark",2006,1,0,"2006-02-21T23:00:00Z","245.518","26.052",4
"128","1606004","1606004",54608,"Blue Shark",2006,1,0,"2006-02-14T18:44:17Z","245.262","22.984",2
"129","1606005","1606005",61996,"Blue Shark",2006,1,1,"2006-02-05T18:50:09Z","246.69699","25.054",7
"130","1606006","1606006",54606,"Blue Shark",2006,1,0,"2006-03-01T23:05:23Z","247.07901","22.96",1
"131","1606007","1606007",62000,"Blue Shark",2006,1,1,"2006-03-13T16:46:38Z","247.132","14.897",7
"132","1606008","1606008",54611,"Blue Shark",2006,1,0,"2006-02-20T08:56:15Z","249.6","19.361",1
"133","1606009","1606009",52127,"Blue Shark",2006,1,0,"2006-02-15T22:45:42Z","246.182","20.968",1
"134","1606010","1606010",54596,"Blue Shark",2006,1,0,"2006-02-18T09:18:45Z","247.785","22.083",1
"135","1606012","1606012",54604,"Blue Shark",2006,1,0,"2006-02-04T19:13:21Z","247.1","24.712",2
"136","1606014","1606014",60989,"Blue Shark",2006,1,0,"2006-07-14T10:52:58Z","240.52301","31.301",10
"137","1606015","1606015",60994,"Blue Shark",2006,1,0,"2006-07-20T00:47:48Z","242.638","32.962",6
"138","1607001","1607001",72829,"Blue Shark",2007,1,1,"2007-09-15T20:58:21Z","235.989","6.957",7
"139","1607002","1607002",72810,"Blue Shark",2007,1,1,"2007-12-16T08:53:40Z","246.32599","23.586",7
"140","1607003","1607003",68296,"Blue Shark",2007,1,1,"2007-12-30T15:18:59Z","196.817","40.179",9
"141","1607004","1607004",68501,"Blue Shark",2007,1,0,"2007-07-23T05:22:44Z","233.479","48.568",8
"142","1607005","1607005",68493,"Blue Shark",2007,1,0,"2007-08-08T01:11:00Z","233.327","44.422",11
"143","1607006","1607006",72830,"Blue Shark",2007,1,1,"2008-03-19T17:04:13Z","242.414","32.539",8
"144","1607007","1607007",72831,"Blue Shark",2007,1,1,"2008-02-02T10:42:25Z","238.288","15.108",5
"145","1607008","1607008",68492,"Blue Shark",2007,1,0,"2007-08-04T23:23:54Z","232.00299","45.024",3
"146","1607009","1607009",68299,"Blue Shark",2007,1,1,"2008-03-20T05:50:23Z","240.738","33.971",4
"147","1607010","1607010",68298,"Blue Shark",2007,1,1,"2007-07-28T19:01:38Z","234.068","48.569",12
"148","1607011","1607011",68302,"Blue Shark",2007,1,1,"2008-03-20T21:31:52Z","176.189","37.789",9
"149","1607012","1607012",68300,"Blue Shark",2007,1,1,"2007-11-12T14:22:58Z","226.739","38.678",8
"150","1607013","1607013",53796,"Blue Shark",2007,1,0,"2007-08-08T05:18:02Z","240.64499","32.717",2
"151","1607014","1607014",53803,"Blue Shark",2007,1,0,"2007-08-24T04:42:25Z","240.597","33.334",4
"152","1608001","1608001",68303,"Blue Shark",2008,1,1,"2008-07-05T05:48:59Z","241.472","33.753",6
"153","1608002","1608002",78142,"Blue Shark",2008,1,1,"2008-09-07T22:33:02Z","237.056","15.61",1
"154","1608003","1608003",72821,"Blue Shark",2008,1,1,"2008-12-19T11:44:45Z","210.483","32.612",3
"155","1609001","1609001",96295,"Blue Shark",2009,1,0,"2009-08-14T18:21:33Z","242.95099","30.647",6
"156","1609002","1609002",96299,"Blue Shark",2009,1,0,"2009-08-14T06:02:20Z","240.651","33.276",12
"157","1609003","1609003",96302,"Blue Shark",2009,1,0,"2009-08-24T02:38:54Z","233.10199","42.346",19
"158","1609004","1609004",96294,"Blue Shark",2009,1,0,"2009-08-06T04:11:15Z","240.353","33.88",9
"159","1609005","1609005",96297,"Blue Shark",2009,1,0,"2009-08-20T22:47:48Z","241.97101","30.148",10
"160","1609006","1609006",96300,"Blue Shark",2009,1,0,"2009-08-22T01:43:35Z","239.249","33.263",9
"161","1609007","1609007",87557,"Blue Shark",2009,1,0,"2009-08-15T01:07:58Z","240.73001","33.058",6
"162","1609008","1609008",87547,"Blue Shark",2009,1,0,"2009-09-11T18:53:26Z","236.045","24.378",2
"163","1609009","1609009",87555,"Blue Shark",2009,1,0,"2009-09-01T05:45:00Z","240.351","33.652",4
"164","1610001","1610001",96370,"Blue Shark",2010,1,0,"2010-08-16T03:45:28Z","241.19699","33.393",8
"165","1610002","1610002",95114,"Blue Shark",2010,1,0,"2010-08-03T04:03:45Z","241.168","32.205",5
"166","1610004","1610004",87551,"Blue Shark",2010,1,0,"2010-08-08T23:14:31Z","240.989","32.538",15
"167","1610006","1610006",95120,"Blue Shark",2010,1,0,"2010-07-30T05:26:15Z","239.874","33.445",10
"168","1610007","1610007",95121,"Blue Shark",2010,1,0,"2010-08-09T08:37:30Z","238.89801","28.4",3
"169","1610008","1610008",87545,"Blue Shark",2010,1,0,"2010-08-05T16:40:18Z","234.126","47.673",13
"170","1610009","1610009",87544,"Blue Shark",2010,1,0,"2010-08-17T21:58:35Z","230.915","44.279",6
"171","1610010","1610010",100957,"Blue Shark",2010,1,0,"2010-09-25T14:27:11Z","238.336","33.325",37
"172","1611001","1611001",109086,"Blue Shark",2011,1,0,"2011-07-13T02:31:52Z","240.545","31.628",17
"173","1611002","1611002",87548,"Blue Shark",2011,1,0,"2011-10-31T09:32:48Z","238.562","32.899",1
"174","1611003","1611003",88513,"Blue Shark",2011,1,0,"2011-11-06T03:58:35Z","241.478","30.935",1
"175","1611004","1611004",109085,"Blue Shark",2011,1,0,"2011-11-26T05:09:50Z","234.541","22.217",4
"176","1611005","1611005",109087,"Blue Shark",2011,1,0,"2011-11-10T01:28:35Z","242.143","30.33",5
"177","1612001","1612001",96298,"Blue Shark",2012,1,0,"2012-07-09T03:22:30Z","241.267","28.855",1
"178","1612002","1612002",95119,"Blue Shark",2012,1,0,"2012-07-03T13:59:31Z","241.007","33.909",2
"179","1612003","1612003",100947,"Blue Shark",2012,1,0,"2012-06-25T18:36:05Z","242.22299","33.305",9
"180","1612004","1612004",88513,"Blue Shark",2012,1,0,"2012-07-15T12:30:28Z","240.695","33.856",20
"181","1612005","1612005",109084,"Blue Shark",2012,1,0,"2012-07-21T04:20:37Z","240.59201","33.833",7
"182","1614001","1614001",120689,"Blue Shark",2014,1,0,"2014-07-15T22:29:03Z","237.389","32.745",5
"183","1614002","1614002",120685,"Blue Shark",2014,1,0,"2014-10-29T02:03:45Z","236.956","28.185",23
"184","1615001","1615001",126297,"Blue Shark",2015,1,0,"2015-06-30T23:47:20Z","240.294","32.4",2
"185","1615002","1615002",147094,"Blue Shark",2015,1,0,"2015-10-21T01:44:03Z","236.85501","36.056",3
"186","1615003","1615003",147095,"Blue Shark",2015,1,0,"2015-10-17T18:26:43Z","237.575","36.372",9
"187","1615004","1615004",143544,"Blue Shark",2015,1,0,"2015-10-20T05:04:13Z","237.25299","36.093",9
"188","1615005","1615005",147093,"Blue Shark",2015,1,1,"2015-11-09T14:49:41Z","237.918","36.735",17
"189","1615006","1615006",147092,"Blue Shark",2015,1,1,"2016-07-26T23:36:05Z","236.17","20.782",19
"190","1615007","1615007",135024,"Blue Shark",2015,1,0,"2015-11-15T06:53:54Z","237.28","36.144",12
"191","1616001","1616001",160287,"Blue Shark",2016,1,0,"2016-09-27T00:28:07Z","237.514","36.857",70
"192","1617001","1617001",33129,"Blue Shark",2017,1,0,"2017-08-13T01:20:37Z","290.863","41.458",15
"193","1702001","1702001",3265,"Salmon Shark",2002,1,1,"2002-11-15T18:09:38Z","234.90799","42.198",5
"194","1702002","1702002",37376,"Salmon Shark",2002,1,0,"2002-07-18T03:16:20Z","214.14","60.588",38
"195","1702003","1702003",37383,"Salmon Shark",2002,1,0,"2002-09-12T10:21:00Z","213.218","60.527",34
"196","1702004","1702004",30375,"Salmon Shark",2002,1,1,"2003-01-13T17:53:22Z","213.287","60.781",6
"197","1702005","1702005",30258,"Salmon Shark",2002,1,1,"2003-01-13T15:40:08Z","226.314","57.294",5
"198","1702006","1702006",37379,"Salmon Shark",2002,1,0,"2002-10-05T15:22:54Z","207.491","58.058",3
"199","1702007","1702007",3207,"Salmon Shark",2002,1,1,"2002-09-15T19:50:39Z","213.091","60.529",7
"200","1702008","1702008",37380,"Salmon Shark",2002,1,0,"2002-09-17T12:57:11Z","212.663","54.593",20
"201","1702009","1702009",37374,"Salmon Shark",2002,1,0,"2002-09-23T05:33:16Z","213.15","60.399",8
"202","1702010","1702010",37377,"Salmon Shark",2002,1,0,"2003-01-13T05:35:05Z","209.846","58.117",18
"203","1702011","1702011",37382,"Salmon Shark",2002,1,0,"2002-10-10T07:26:53Z","200.489","55.002",17
"204","1703001","1703001",41727,"Salmon Shark",2003,1,1,"2004-02-17T06:52:01Z","224.273","35.484",6
"205","1703002","1703002",41664,"Salmon Shark",2003,1,0,"2003-09-03T19:28:21Z","218.093","51.11",2
"206","1703004","1703004",41665,"Salmon Shark",2003,1,0,"2003-09-07T15:27:56Z","213.588","59.798",32
"207","1703005","1703005",41666,"Salmon Shark",2003,1,0,"2003-09-14T16:51:44Z","213.914","60.741",40
"208","1703006","1703006",41669,"Salmon Shark",2003,1,0,"2003-08-17T19:51:33Z","213.906","60.729",3
"209","1703007","1703007",41668,"Salmon Shark",2003,1,0,"2003-08-20T04:56:39Z","213.337","60.427",8
"210","1703008","1703008",41672,"Salmon Shark",2003,1,0,"2003-09-11T15:44:10Z","213.953","60.647",13
"211","1703009","1703009",41675,"Salmon Shark",2003,1,0,"2003-10-01T10:11:32Z","210.476","59.682",29
"212","1703010","1703010",41670,"Salmon Shark",2003,1,0,"2003-08-21T20:55:04Z","213.377","60.098",66
"213","1703011","1703011",41733,"Salmon Shark",2003,1,1,"2004-02-20T20:11:50Z","225.748","43.05",8
"214","1703012","1703012",41663,"Salmon Shark",2003,1,0,"2003-11-04T15:25:25Z","206.948","58.357",13
"215","1703013","1703013",41677,"Salmon Shark",2003,1,0,"2004-01-07T08:47:34Z","210.648","40.126",38
"216","1703014","1703014",41673,"Salmon Shark",2003,1,0,"2003-08-26T17:36:47Z","215.21","59.712",6
"217","1703015","1703015",41671,"Salmon Shark",2003,1,0,"2003-08-27T07:09:36Z","219.395","58.901",9
"218","1703016","1703016",41674,"Salmon Shark",2003,1,0,"2003-08-20T19:58:07Z","213.564","60.549",18
"219","1704001","1704001",41726,"Salmon Shark",2004,1,1,"2005-04-11T15:36:47Z","235.332","42.363",6
"220","1704002","1704002",52155,"Salmon Shark",2004,1,0,"2004-07-28T22:28:07Z","213.305","60.423",49
"221","1704003","1704003",52137,"Salmon Shark",2004,1,0,"2004-09-26T05:56:57Z","213.293","60.536",1
"222","1704005","1704005",52139,"Salmon Shark",2004,1,0,"2004-07-15T13:14:17Z","213.687","60.014",63
"223","1704007","1704007",52151,"Salmon Shark",2004,1,0,"2004-07-18T03:42:11Z","213.831","59.864",36
"224","1704008","1704008",52140,"Salmon Shark",2004,1,0,"2004-08-17T01:05:30Z","213.617","60.536",27
"225","1704009","1704009",41724,"Salmon Shark",2004,1,1,"2005-04-10T00:48:09Z","212.696","60.577",6
"226","1704011","1704011",52142,"Salmon Shark",2004,1,0,"2004-07-16T09:59:17Z","213.643","60.631",38
"227","1704012","1704012",41731,"Salmon Shark",2004,1,1,"2005-03-02T21:17:41Z","207.364","59.095",4
"228","1704013","1704013",52144,"Salmon Shark",2004,1,0,"2005-01-17T01:40:11Z","212.667","59.619",7
"229","1704014","1704014",52149,"Salmon Shark",2004,1,0,"2004-11-18T05:47:13Z","215.667","57.915",29
"230","1704015","1704015",52145,"Salmon Shark",2004,1,0,"2004-07-18T12:46:24Z","213.719","60.564",5
"231","1704017","1704017",52141,"Salmon Shark",2004,1,0,"2004-09-23T17:46:10Z","209.575","59.443",49
"232","1704018","1704018",52148,"Salmon Shark",2004,1,0,"2004-08-02T23:08:05Z","217.393","55.119",3
"233","1704019","1704019",52147,"Salmon Shark",2004,1,0,"2004-08-13T23:07:30Z","213.718","60.695",6
"234","1704020","1704020",52146,"Salmon Shark",2004,1,0,"2004-10-12T11:28:00Z","215.048","59.992",50
"235","1704021","1704021",52153,"Salmon Shark",2004,1,0,"2004-08-27T21:04:55Z","221.072","51.221",59
"236","1704023","1704023",41733,"Salmon Shark",2004,1,1,"2004-11-15T05:59:31Z","207.572","57.997",3
"237","1704024","1704024",41748,"Salmon Shark",2004,1,1,"2005-01-09T12:59:38Z","195.532","45.698",7
"238","1704025","1704025",52941,"Salmon Shark",2004,1,0,"2004-11-23T14:33:30Z","206.634","58.557",32
"239","1704026","1704026",52942,"Salmon Shark",2004,1,0,"2005-01-15T23:18:09Z","212.627","42.491",6
"240","1705001","1705001",59686,"Salmon Shark",2005,1,0,"2005-08-24T17:28:49Z","213.412","60.02",6
"241","1705002","1705002",59665,"Salmon Shark",2005,1,1,"2006-05-23T04:27:11Z","213.373","60.325",2
"242","1705003","1705003",59671,"Salmon Shark",2005,1,1,"2006-08-24T06:39:50Z","226.926","54.17",5
"243","1705005","1705005",59695,"Salmon Shark",2005,1,0,"2005-08-22T16:05:23Z","214.209","60.13",40
"244","1705006","1705006",59672,"Salmon Shark",2005,1,1,"2005-08-26T15:54:22Z","213.61","60.67",11
"245","1705007","1705007",59698,"Salmon Shark",2005,1,0,"2005-08-24T18:21:54Z","213.587","59.745",3
"246","1705008","1705008",59689,"Salmon Shark",2005,1,0,"2005-09-07T12:55:18Z","226.167","53.643",16
"247","1705009","1705009",54599,"Salmon Shark",2005,1,0,"2005-08-31T11:19:48Z","212.981","57.829",2
"248","1705011","1705011",59683,"Salmon Shark",2005,1,0,"2005-08-22T20:19:41Z","213.757","60.87",14
"249","1705012","1705012",59681,"Salmon Shark",2005,1,0,"2005-10-07T07:48:16Z","216.441","54.931",5
"250","1705013","1705013",59676,"Salmon Shark",2005,1,1,"2006-05-04T01:29:45Z","221.477","36.322",8
"251","1705014","1705014",59682,"Salmon Shark",2005,1,0,"2005-08-22T22:27:04Z","213.91","60.736",13
"252","1705015","1705015",59688,"Salmon Shark",2005,1,0,"2005-09-01T03:15:49Z","218.273","58.773",33
"253","1705016","1705016",59663,"Salmon Shark",2005,1,1,"2006-05-22T11:49:55Z","238.782","34.032",7
"254","1705017","1705017",59668,"Salmon Shark",2005,1,1,"2005-09-22T04:49:48Z","213.809","60.716",2
"255","1705018","1705018",59659,"Salmon Shark",2005,1,1,"2005-09-30T19:17:48Z","227.619","52.968",2
"256","1705019","1705019",59702,"Salmon Shark",2005,1,0,"2005-09-27T13:04:13Z","213.199","60.45",29
"257","1705020","1705020",59703,"Salmon Shark",2005,1,0,"2005-08-23T21:25:18Z","213.908","60.73",26
"258","1705021","1705021",59691,"Salmon Shark",2005,1,0,"2005-08-27T17:37:58Z","214.136","59.903",7
"259","1705022","1705022",59692,"Salmon Shark",2005,1,0,"2005-09-04T12:20:02Z","220.669","57.286",48
"260","1705023","1705023",54600,"Salmon Shark",2005,1,0,"2005-09-03T04:09:15Z","214.292","60.071",6
"261","1705024","1705024",59697,"Salmon Shark",2005,1,0,"2005-08-26T18:02:27Z","213.091","60.056",63
"262","1705025","1705025",59696,"Salmon Shark",2005,1,0,"2005-12-18T02:16:52Z","213.397","58.954",26
"263","1705026","1705026",59704,"Salmon Shark",2005,1,0,"2005-09-10T08:08:54Z","213.855","60.594",11
"264","1705027","1705027",59706,"Salmon Shark",2005,1,0,"2005-09-08T13:27:11Z","219.407","56.367",42
"265","1706001","1706001",68284,"Salmon Shark",2006,1,1,"2007-05-16T20:28:35Z","217.57","45.829",7
"266","1706002","1706002",68269,"Salmon Shark",2006,1,1,"2006-08-30T14:47:06Z","213.805","60.697",3
"267","1706004","1706004",68495,"Salmon Shark",2006,1,0,"2006-09-12T07:45:28Z","213.893","60.732",3
"268","1706006","1706006",68472,"Salmon Shark",2006,1,0,"2006-09-05T07:03:02Z","215.962","58.745",3
"269","1706007","1706007",68289,"Salmon Shark",2006,1,1,"2006-08-30T01:09:22Z","213.895","60.716",8
"270","1706008","1706008",68480,"Salmon Shark",2006,1,0,"2006-08-28T14:21:47Z","215.894","59.0",7
"271","1706009","1706009",68481,"Salmon Shark",2006,1,0,"2006-08-28T23:18:30Z","215.698","57.73",1
"272","1706010","1706010",68488,"Salmon Shark",2006,1,0,"2006-09-10T06:45:56Z","222.878","54.05",5
"273","1706011","1706011",68478,"Salmon Shark",2006,1,0,"2006-08-31T17:52:58Z","216.82","58.701",33
"274","1706012","1706012",68479,"Salmon Shark",2006,1,0,"2006-08-22T18:26:29Z","213.898","60.714",1
"275","1706014","1706014",68496,"Salmon Shark",2006,1,0,"2006-08-28T01:56:43Z","213.508","60.478",2
"276","1706016","1706016",68473,"Salmon Shark",2006,1,0,"2006-08-30T07:40:18Z","218.75","57.396",13
"277","1706017","1706017",68262,"Salmon Shark",2006,1,1,"2007-02-15T12:42:25Z","225.017","39.637",8
"278","1706018","1706018",68485,"Salmon Shark",2006,1,0,"2006-09-10T16:10:04Z","220.56","52.514",6
"279","1706022","1706022",68477,"Salmon Shark",2006,1,0,"2006-09-11T08:08:12Z","217.558","52.45",3
"280","1706023","1706023",68482,"Salmon Shark",2006,1,0,"2006-09-09T16:23:40Z","223.149","52.749",20
"281","1706026","1706026",59707,"Salmon Shark",2006,1,0,"2006-09-16T01:24:08Z","224.562","50.458",35
"282","1706027","1706027",61964,"Salmon Shark",2006,1,0,"2006-09-11T15:33:02Z","219.519","57.461",5
"283","1706028","1706028",68267,"Salmon Shark",2006,1,1,"2006-09-04T10:31:52Z","213.898","60.74",12
"284","1706029","1706029",68279,"Salmon Shark",2006,1,1,"2007-03-23T15:44:45Z","222.225","33.028",6
"285","1706031","1706031",61969,"Salmon Shark",2006,1,0,"2006-09-02T03:37:15Z","219.742","55.85",5
"286","1706034","1706034",60996,"Salmon Shark",2006,1,0,"2006-09-06T14:55:32Z","217.876","53.446",2
"287","1706036","1706036",52124,"Salmon Shark",2006,1,0,"2006-10-05T14:21:05Z","220.938","56.282",20
"288","1706037","1706037",54605,"Salmon Shark",2006,1,0,"2006-12-08T11:04:27Z","210.368","57.862",28
"289","1706039","1706039",61960,"Salmon Shark",2006,1,0,"2006-09-14T01:45:56Z","213.279","60.4",15
"290","1706041","1706041",68264,"Salmon Shark",2006,1,1,"2007-04-24T23:55:04Z","237.39801","36.948",7
"291","1707001","1707001",78154,"Salmon Shark",2007,1,1,"2007-12-18T04:00:28Z","198.862","53.829",7
"292","1707003","1707003",78125,"Salmon Shark",2007,1,0,"2007-08-22T12:25:04Z","213.673","60.64",22
"293","1707005","1707005",78124,"Salmon Shark",2007,1,0,"2007-08-23T22:19:55Z","213.398","60.486",1
"294","1707006","1707006",78120,"Salmon Shark",2007,1,0,"2007-09-17T02:49:41Z","213.883","60.731",37
"295","1707007","1707007",68293,"Salmon Shark",2007,1,1,"2007-08-29T15:47:48Z","213.863","60.715",5
"296","1707008","1707008",78122,"Salmon Shark",2007,1,0,"2007-09-13T20:08:54Z","213.067","60.388",52
"297","1707009","1707009",68510,"Salmon Shark",2007,1,0,"2007-09-11T08:46:24Z","213.36","60.481",15
"298","1707010","1707010",78157,"Salmon Shark",2007,1,1,"2008-05-19T16:38:40Z","238.8","35.6",7
"299","1707011","1707011",68513,"Salmon Shark",2007,1,0,"2007-09-15T07:21:33Z","213.845","60.718",18
"300","1707012","1707012",68506,"Salmon Shark",2007,1,0,"2007-08-26T21:24:22Z","213.693","60.566",14
"301","1707013","1707013",68514,"Salmon Shark",2007,1,0,"2007-09-02T03:03:59Z","219.396","57.103",54
"302","1707014","1707014",78147,"Salmon Shark",2007,1,1,"2007-12-06T03:01:24Z","212.787","60.804",15
"303","1707015","1707015",68515,"Salmon Shark",2007,1,0,"2007-09-05T09:10:32Z","213.891","60.717",16
"304","1707016","1707016",78140,"Salmon Shark",2007,1,1,"2008-04-20T13:58:35Z","211.872","61.07",11
"305","1707017","1707017",78144,"Salmon Shark",2007,1,1,"2008-03-04T14:20:09Z","213.113","60.76",13
"306","1707018","1707018",68504,"Salmon Shark",2007,1,0,"2007-08-30T21:38:54Z","214.998","59.13",4
"307","1708001","1708001",87558,"Salmon Shark",2008,1,0,"2008-08-29T03:26:00Z","213.887","60.546",55
"308","1708003","1708003",87550,"Salmon Shark",2008,1,0,"2008-10-10T07:33:16Z","213.26","60.554",7
"309","1710012","1710012",87552,"Salmon Shark",2010,1,0,"2010-07-25T01:29:03Z","218.125","57.464",49
"310","1710014","1710014",87554,"Salmon Shark",2010,1,0,"2010-07-19T02:42:11Z","213.943","60.77",22
"311","1710019","1710019",96363,"Salmon Shark",2010,1,0,"2010-07-19T04:25:18Z","213.948","60.768",2
"312","1710020","1710020",87560,"Salmon Shark",2010,1,0,"2010-07-20T22:00:00Z","213.557","60.525",10
"313","1710021","1710021",96369,"Salmon Shark",2010,1,0,"2010-07-31T15:58:35Z","218.231","55.246",50
"314","1710022","1710022",96371,"Salmon Shark",2010,1,0,"2010-08-12T01:17:20Z","220.698","59.266",1
"315","1710023","1710023",96368,"Salmon Shark",2010,1,0,"2010-07-25T03:57:11Z","219.378","59.159",23
"316","1712001","1712001",109090,"Salmon Shark",2012,1,0,"2012-07-19T18:44:03Z","213.969","60.604",17
"317","1712002","1712002",109091,"Salmon Shark",2012,1,0,"2012-07-21T00:01:52Z","213.961","60.75",7
"318","1712003","1712003",109092,"Salmon Shark",2012,1,0,"2012-08-03T14:13:35Z","215.473","59.658",32
"319","1715001","1715001",109095,"Salmon Shark",2015,1,0,"2015-08-11T02:19:41Z","215.12","59.456",31
"320","1715002","1715002",152305,"Salmon Shark",2015,1,0,"2015-08-05T23:59:03Z","213.859","60.598",59
"321","1715003","1715003",152306,"Salmon Shark",2015,1,0,"2015-08-05T22:53:54Z","214.292","60.635",47
"322","1715004","1715004",152300,"Salmon Shark",2015,1,0,"2015-08-13T07:48:45Z","216.477","59.447",93
"323","1715005","1715005",152301,"Salmon Shark",2015,1,0,"2015-08-08T19:01:24Z","213.148","59.913",79
"324","1715006","1715006",152302,"Salmon Shark",2015,1,0,"2015-08-06T00:14:31Z","213.906","60.612",42
"325","1715008","1715008",152304,"Salmon Shark",2015,1,0,"2015-09-06T19:54:50Z","220.205","58.997",141
"326","1715010","1715010",152307,"Salmon Shark",2015,1,0,"2015-08-09T03:46:52Z","212.926","60.557",51
"327","1715011","1715011",152309,"Salmon Shark",2015,1,0,"2015-08-09T11:33:16Z","212.957","59.479",12
"328","1715012","1715012",152308,"Salmon Shark",2015,1,0,"2015-08-07T15:51:05Z","213.763","60.673",1
"329","1715013","1715013",145018,"Salmon Shark",2015,1,0,"2015-08-10T15:24:50Z","213.419","58.987",14
"330","1803001","1803001",9719,"Common Thresher Shark",2003,1,1,"2003-06-10T08:14:31Z","194.38","24.389",8
"331","1803003","1803003",9751,"Common Thresher Shark",2003,1,1,"2003-09-28T14:49:16Z","240.514","34.352",9
"332","1804002","1804002",44390,"Common Thresher Shark",2004,1,1,"2005-01-05T21:49:41Z","241.18399","32.499",3
"333","1804007","1804007",41686,"Common Thresher Shark",2004,1,0,"2004-08-13T15:39:22Z","242.663","33.033",1
"334","1804008","1804008",44390,"Common Thresher Shark",2004,1,1,"2005-01-06T00:58:14Z","241.187","32.51",3
"335","1805002","1805002",52134,"Common Thresher Shark",2005,1,0,"2005-06-27T01:56:36Z","242.025","32.372",40
"336","1805003","1805003",52236,"Common Thresher Shark",2005,1,1,"2005-09-14T06:27:25Z","244.239","29.379",7
"337","1805004","1805004",52237,"Common Thresher Shark",2005,1,1,"2005-09-26T01:54:50Z","242.112","33.513",6
"338","1806001","1806001",61940,"Common Thresher Shark",2006,1,1,"2006-08-01T05:23:12Z","242.445","32.678",3
"339","1806002","1806002",61957,"Common Thresher Shark",2006,1,1,"2007-05-16T18:07:44Z","239.956","33.686",4
"340","1806004","1806004",61932,"Common Thresher Shark",2006,1,1,"2007-05-09T11:16:52Z","239.146","32.75",6
"341","1806005","1806005",61921,"Common Thresher Shark",2006,1,1,"2007-05-18T18:04:27Z","239.111","32.672",1
"342","1806007","1806007",61925,"Common Thresher Shark",2006,1,1,"2007-03-25T18:49:13Z","242.534","33.199",1
"343","1806008","1806008",63975,"Common Thresher Shark",2006,1,1,"2007-04-25T06:15:14Z","240.594","34.284",7
"344","1807001","1807001",63977,"Common Thresher Shark",2007,1,1,"2008-05-10T19:07:44Z","242.469","33.27",3
"345","1808001","1808001",87564,"Common Thresher Shark",2008,1,1,"2008-09-12T03:42:53Z","240.737","34.03",10
"346","1808002","1808002",87565,"Common Thresher Shark",2008,1,1,"2008-12-24T09:08:40Z","239.051","34.474",8
"347","1808003","1808003",87566,"Common Thresher Shark",2008,1,1,"2008-09-12T10:22:58Z","239.639","34.241",5
"348","1901003","1901003",3281,"White Shark",2001,1,1,"2002-07-20T21:43:23Z","226.493","21.022",2
"349","1902003","1902003",29710,"White Shark",2002,1,1,"2003-02-15T18:49:02Z","225.399","26.82",2
"350","1903001","1903001",3265,"White Shark",2003,1,1,"2003-09-30T14:43:35Z","241.547","33.853",1
"351","1903002","1903002",2994,"White Shark",2003,1,1,"2003-11-09T06:01:59Z","245.853","28.445",1
"352","1903003","1903003",41761,"White Shark",2003,1,1,"2004-03-22T19:41:50Z","225.821","25.203",5
"353","1904007","1904007",52929,"White Shark",2004,1,1,"2005-05-16T23:29:38Z","231.101","21.953",1
"354","1904008","1904008",52930,"White Shark",2004,1,1,"2005-09-07T10:12:46Z","237.664","37.034",1
"355","1904010","1904010",52934,"White Shark",2004,1,1,"2005-05-04T12:50:51Z","223.248","27.589",4
"356","1904011","1904011",52927,"White Shark",2004,1,1,"2005-02-09T04:18:16Z","237.177","37.816",8
"357","1905002","1905002",61911,"White Shark",2005,1,1,"2006-05-01T00:54:50Z","220.563","21.69",7
"358","1905004","1905004",61914,"White Shark",2005,1,1,"2006-08-30T14:33:59Z","225.22","27.523",6
"359","1905005","1905005",62018,"White Shark",2005,1,1,"2006-08-03T03:46:24Z","216.819","28.328",7
"360","1905006","1905006",62015,"White Shark",2005,1,1,"2006-08-07T22:33:45Z","230.968","37.294",9
"361","1905007","1905007",61909,"White Shark",2005,1,1,"2006-05-30T23:33:02Z","224.392","27.148",10
"362","1905008","1905008",61910,"White Shark",2005,1,1,"2006-08-05T11:34:13Z","228.172","26.17",7
"363","1905009","1905009",62016,"White Shark",2005,1,1,"2006-01-08T12:25:18Z","236.666","37.812",9
"364","1905010","1905010",61907,"White Shark",2005,1,1,"2006-10-17T07:31:52Z","220.799","23.666",6
"365","1905012","1905012",62012,"White Shark",2005,1,1,"2006-07-18T13:23:40Z","233.827","26.243",8
"366","1905013","1905013",62019,"White Shark",2005,1,1,"2006-07-21T18:39:36Z","232.237","26.758",5
"367","1905014","1905014",62011,"White Shark",2005,1,1,"2006-09-17T10:12:39Z","220.934","25.08",4
"368","1905015","1905015",62010,"White Shark",2005,1,1,"2006-09-18T14:33:45Z","221.06","23.944",7
"369","1905016","1905016",61900,"White Shark",2005,1,1,"2006-08-16T14:21:19Z","224.859","20.277",7
"370","1905019","1905019",61899,"White Shark",2005,1,1,"2006-09-17T07:22:44Z","236.90399","37.578",6
"371","1905021","1905021",62020,"White Shark",2005,1,1,"2006-05-20T15:50:51Z","230.294","22.513",7
"372","1905022","1905022",61898,"White Shark",2005,1,1,"2006-08-20T02:02:34Z","236.534","32.22",2
"373","1905023","1905023",62022,"White Shark",2005,1,1,"2006-08-19T10:28:21Z","236.682","38.533",5
"374","1905028","1905028",62021,"White Shark",2005,1,1,"2006-10-12T06:09:50Z","237.664","37.116",6
"375","1906001","1906001",60982,"White Shark",2006,1,1,"2006-11-09T08:45:14Z","183.274","28.352",5
"376","1906005","1906005",68249,"White Shark",2006,1,1,"2007-04-27T17:51:33Z","230.305","22.095",8
"377","1906006","1906006",68306,"White Shark",2006,1,1,"2007-06-12T20:43:49Z","225.848","24.247",5
"378","1906008","1906008",68307,"White Shark",2006,1,1,"2007-10-08T09:04:27Z","241.548","33.443",2
"379","1906009","1906009",68305,"White Shark",2006,1,1,"2007-03-03T14:22:44Z","201.802","21.062",9
"380","1906013","1906013",68312,"White Shark",2006,1,1,"2007-08-08T18:09:50Z","238.168","35.712",2
"381","1906014","1906014",68282,"White Shark",2006,1,1,"2007-01-09T04:01:38Z","200.151","23.812",6
"382","1906015","1906015",68311,"White Shark",2006,1,1,"2007-08-06T18:21:05Z","237.517","37.344",1
"383","1906016","1906016",68314,"White Shark",2006,1,1,"2006-12-18T22:32:20Z","215.709","31.447",9
"384","1906017","1906017",68309,"White Shark",2006,1,1,"2007-01-10T04:56:00Z","231.667","32.972",9
"385","1906018","1906018",68316,"White Shark",2006,1,1,"2007-07-19T01:43:07Z","226.605","25.923",5
"386","1906019","1906019",68272,"White Shark",2006,1,1,"2006-10-16T19:55:46Z","236.72299","38.071",8
"387","1906025","1906025",68308,"White Shark",2006,1,1,"2007-07-30T09:18:16Z","202.496","21.113",6
"388","1906026","1906026",68321,"White Shark",2006,1,1,"2007-01-21T23:21:19Z","228.372","24.401",7
"389","1906027","1906027",68286,"White Shark",2006,1,1,"2006-11-14T05:08:26Z","237.998","36.863",5
"390","1906028","1906028",68320,"White Shark",2006,1,1,"2007-07-28T11:31:24Z","226.48","25.834",3
"391","1906034","1906034",68319,"White Shark",2006,1,1,"2007-01-10T00:14:31Z","231.51","33.558",7
"392","1906035","1906035",68290,"White Shark",2006,1,1,"2007-03-27T00:32:06Z","217.87","24.918",7
"393","1906036","1906036",68287,"White Shark",2006,1,1,"2007-05-14T19:42:11Z","222.757","21.547",6
"394","1906042","1906042",68317,"White Shark",2006,1,1,"2007-07-18T21:20:37Z","203.422","21.328",5
"395","1907018","1907018",78168,"White Shark",2007,1,1,"2007-11-27T21:53:54Z","237.526","36.755",1
"396","1907019","1907019",78171,"White Shark",2007,1,1,"2007-12-20T18:17:34Z","223.999","24.798",4
"397","1907020","1907020",78175,"White Shark",2007,1,1,"2008-06-27T06:52:30Z","224.325","23.578",5
"398","1907026","1907026",78145,"White Shark",2007,1,1,"2007-12-11T22:49:27Z","231.655","32.211",8
"399","1907028","1907028",78153,"White Shark",2007,1,1,"2008-02-18T12:58:35Z","190.221","25.232",3
"400","1907029","1907029",78173,"White Shark",2007,1,1,"2008-04-03T01:18:02Z","229.571","23.336",6
"401","1907039","1907039",78141,"White Shark",2007,1,1,"2007-12-02T20:09:36Z","236.96701","37.237",6
"402","1907041","1907041",78152,"White Shark",2007,1,1,"2008-09-13T03:34:41Z","216.84","23.765",5
"403","1908038","1908038",87562,"White Shark",2008,1,1,"2009-01-10T13:27:25Z","239.274","35.07",11
"404","1908041","1908041",87569,"White Shark",2008,1,1,"2009-05-23T16:07:01Z","225.952","24.307",6
"405","1909001","1909001",87597,"White Shark",2009,1,1,"2009-04-30T03:08:54Z","237.23401","37.664",5
"406","1910017","1910017",103307,"White Shark",2010,1,1,"2011-11-03T15:33:45Z","201.898","21.848",2
"407","1911027","1911027",111182,"White Shark",2011,1,1,"2012-11-21T09:58:35Z","225.841","19.23",4
"408","1911028","1911028",111193,"White Shark",2011,1,1,"2012-05-16T00:46:52Z","222.289","25.464",5
"409","1911029","1911029",111195,"White Shark",2011,1,1,"2012-05-02T23:49:13Z","202.734","21.352",3
"410","1911038","1911038",108314,"White Shark",2011,1,1,"2012-12-15T16:37:01Z","235.89499","46.934",1
"411","1911041","1911041",87568,"White Shark",2011,1,1,"2011-10-12T03:55:46Z","237.044","37.95",2
"412","1911053","1911053",111190,"White Shark",2011,1,1,"2013-02-17T19:28:35Z","225.439","22.944",5
"413","1912023","1912023",68310,"White Shark",2012,1,1,"2013-07-06T22:30:28Z","224.764","33.083",9
"414","1913025","1913025",126354,"White Shark",2013,1,1,"2015-02-09T05:38:54Z","220.248","27.591",8
"415","1913027","1913027",103291,"White Shark",2013,1,1,"2014-05-15T18:37:30Z","204.303","20.276",5
"416","3304001","3304001",41761,"Juvenile White Shark",2004,1,1,"2005-02-11T13:54:01Z","236.918","37.953",7
"417","3305001","3305001",54567,"Juvenile White Shark",2005,1,1,"2005-05-02T09:47:41Z","238.918","34.734",2
"418","3306001","3306001",65865,"Juvenile White Shark",2006,1,0,"2006-07-19T13:42:53Z","240.616","34.262",2
"419","3306002","3306002",65866,"Juvenile White Shark",2006,1,0,"2006-09-23T22:08:40Z","240.131","34.167",4
"420","3306003","3306003",66877,"Juvenile White Shark",2006,1,0,"2006-10-12T09:12:11Z","241.868","33.464",1
"421","3307001","3307001",40564,"Juvenile White Shark",2007,1,1,"2007-04-15T22:49:41Z","250.912","22.946",5
"422","3307002","3307002",64272,"Juvenile White Shark",2007,1,1,"2007-12-16T03:48:45Z","241.544","33.928",2
"423","3307003","3307003",66883,"Juvenile White Shark",2007,1,1,"2007-07-14T07:08:12Z","240.119","33.565",10
"424","3307004","3307004",66879,"Juvenile White Shark",2007,1,1,"2008-01-20T22:49:41Z","244.82901","26.807",8
"425","3308001","3308001",77272,"Juvenile White Shark",2008,1,0,"2008-02-18T01:26:15Z","241.479","31.334",7
"426","3308002","3308002",77274,"Juvenile White Shark",2008,1,0,"2008-07-15T13:41:15Z","242.162","33.549",2
"427","3308003","3308003",77273,"Juvenile White Shark",2008,1,0,"2008-06-27T18:14:03Z","240.557","33.945",5
"428","3308004","3308004",83075,"Juvenile White Shark",2008,1,0,"2008-07-01T01:25:04Z","241.39801","33.827",8
"429","3308006","3308006",83076,"Juvenile White Shark",2008,1,0,"2008-08-10T02:10:46Z","241.406","33.665",7
"430","3308007","3308007",77275,"Juvenile White Shark",2008,1,0,"2008-09-08T02:15:42Z","240.599","34.17",5
"431","3308008","3308008",83060,"Juvenile White Shark",2008,1,1,"2008-10-17T00:01:38Z","239.672","34.081",8
"432","3308009","3308009",55732,"Juvenile White Shark",2008,1,1,"2009-01-23T03:02:20Z","248.35","23.351",5
"433","3309001","3309001",40560,"Juvenile White Shark",2009,1,1,"2009-08-15T22:55:18Z","241.606","33.833",1
"434","3309002","3309002",89362,"Juvenile White Shark",2009,1,0,"2009-07-24T04:09:50Z","241.528","33.85",1
"435","3309003","3309003",95117,"Juvenile White Shark",2009,1,0,"2009-07-25T10:17:20Z","241.493","33.91",3
"436","3309004","3309004",95118,"Juvenile White Shark",2009,1,0,"2009-11-29T06:15:56Z","240.17801","34.385",2
"437","3309005","3309005",88761,"Juvenile White Shark",2009,1,1,"2010-10-03T04:19:41Z","240.519","34.101",4
"438","3309008","3309008",95115,"Juvenile White Shark",2009,1,0,"2009-10-21T10:07:01Z","242.32901","33.169",1
"439","3310006","3310006",88767,"Juvenile White Shark",2010,1,1,"2010-11-19T18:42:39Z","241.815","33.731",1
"440","3310007","3310007",88765,"Juvenile White Shark",2010,1,1,"2011-03-11T15:03:45Z","247.87201","22.16",1
"441","3311001","3311001",62226,"Juvenile White Shark",2011,1,1,"2011-10-30T04:51:05Z","240.19","34.376",2
"442","3406001","3406001",61005,"Galapagos Shark",2006,0,0,"2006-09-26T19:50:37Z","267.4","1.906",1
"443","3406002","3406002",63991,"Galapagos Shark",2006,0,1,"2006-07-29T07:03:02Z","267.531","1.093",4
"444","3406003","3406003",63996,"Galapagos Shark",2006,0,1,"2006-09-20T23:11:00Z","266.88","2.277",7
"445","3406005","3406005",63994,"Galapagos Shark",2006,0,1,"2006-08-25T16:59:17Z","265.971","2.338",6
"446","3406006","3406006",63990,"Galapagos Shark",2006,0,1,"2006-10-18T04:00:00Z","268.07","1.29",6
"447","3406007","3406007",61002,"Galapagos Shark",2006,0,0,"2006-07-28T09:48:59Z","268.11","1.611",4
"448","3406008","3406008",61008,"Galapagos Shark",2006,0,0,"2006-08-06T07:21:05Z","268.004","1.662",3
"449","3406009","3406009",63993,"Galapagos Shark",2006,0,1,"2006-09-21T15:52:15Z","266.461","1.184",6
"450","3406010","3406010",61013,"Galapagos Shark",2006,0,0,"2006-08-03T00:15:56Z","268.008","1.67",1
"451","3406012","3406012",63988,"Galapagos Shark",2006,0,1,"2006-09-05T15:57:53Z","259.087","5.328",7
"452","3417001","3417001",168881,"Galapagos Shark",2017,0,1,"2017-09-02T11:58:07Z","134.437","7.831",14
"453","3709001","3709001",79781,"Basking Shark",2009,0,1,"2009-07-12T17:36:05Z","353.218","57.227",7
"454","3709002","3709002",79782,"Basking Shark",2009,0,1,"2009-06-11T14:20:23Z","354.826","49.873",8
"455","3711001","3711001",89722,"Basking Shark",2011,0,1,"2012-01-29T20:45:00Z","239.59201","24.795",7
"456","3810001","3810001",85226,"Whale Shark",2010,0,0,"2010-07-12T09:26:43Z","268.26","27.84",12
"457","3810002","3810002",85227,"Whale Shark",2010,0,0,"2010-07-01T02:04:13Z","269.366","28.041",37
"458","3811001","3811001",100521,"Whale Shark",2011,0,0,"2011-06-29T14:16:24Z","268.895","27.956",8
"459","3811002","3811002",85532,"Whale Shark",2011,0,1,"2011-09-29T23:32:20Z","275.485","29.142",7
"460","3811003","3811003",49075,"Whale Shark",2011,0,0,"2011-10-04T15:40:18Z","274.001","29.127",7
"461","3913008","3913008",126314,"Silvertip Shark",2013,0,1,"2013-08-11T22:42:11Z","72.002","-5.316",3
"462","3913014","3913014",126349,"Silvertip Shark",2013,0,1,"2013-07-07T02:25:46Z","71.688","-5.236",24
"463","3913033","3913033",122509,"Silvertip Shark",2013,0,1,"2013-07-05T22:44:03Z","71.898","-5.182",21
"464","3914008","3914008",135902,"Silvertip Shark",2014,0,1,"2014-07-23T03:57:11Z","73.021","-5.048",14
"465","3914016","3914016",135869,"Silvertip Shark",2014,0,1,"2014-07-30T16:38:54Z","71.678","-5.265",21
"466","3914018","3914018",135883,"Silvertip Shark",2014,0,1,"2014-07-07T10:12:39Z","74.225","-4.842",16
"467","4013041","4013041",129875,"Grey Reef Shark",2013,0,0,"2013-09-20T23:48:45Z","197.843","5.896",1
"468","4013046","4013046",129872,"Grey Reef Shark",2013,0,0,"2014-05-28T04:06:05Z","197.812","5.874",1
"469","4013047","4013047",129876,"Grey Reef Shark",2013,0,0,"2013-11-28T20:00:56Z","197.825","5.874",1
"470","4013049","4013049",131941,"Grey Reef Shark",2013,0,0,"2014-01-29T03:04:41Z","197.849","5.928",1
"471","4013050","4013050",131942,"Grey Reef Shark",2013,0,0,"2014-02-06T17:04:41Z","205.676","7.456",5
"472","4015024","4015024",146229,"Grey Reef Shark",2015,0,0,"2015-09-04T04:07:01Z","71.314","-6.641",1
"473","4016022","4016022",160262,"Grey Reef Shark",2016,0,1,"2016-04-19T00:20:09Z","71.927","-5.603",19
"474","5204001","5204001",41762,"Manta Ray",2004,0,1,"2004-06-20T13:21:12Z","198.27","5.756",2
"475","5204002","5204002",41777,"Manta Ray",2004,0,1,"2004-07-21T05:39:29Z","198.157","6.155",1
"476","5204003","5204003",41771,"Manta Ray",2004,0,1,"2004-08-21T09:23:47Z","198.08","5.858",2
"477","5204004","5204004",41776,"Manta Ray",2004,0,1,"2004-07-31T16:01:24Z","249.884","22.563",6
"478","5205001","5205001",52931,"Manta Ray",2005,0,1,"2005-09-04T01:46:10Z","200.507","7.94",1
"479","5205002","5205002",52932,"Manta Ray",2005,0,1,"2005-06-09T20:57:32Z","197.657","6.456",5
"480","5205003","5205003",54566,"Manta Ray",2005,0,1,"2005-11-02T02:07:58Z","198.622","5.906",2
"481","5205008","5205008",18616,"Manta Ray",2005,0,1,"2005-05-05T14:25:39Z","237.61","47.628",1
"482","5206003","5206003",64252,"Manta Ray",2006,0,1,"2006-07-02T11:28:07Z","250.345","26.416",9
"483","5211001","5211001",103293,"Manta Ray",2011,0,1,"2011-05-31T12:56:43Z","197.542","6.061",10
"484","5213001","5213001",126352,"Manta Ray",2013,0,1,"2013-08-13T13:59:31Z","71.965","-5.324",4
"485","5213010","5213010",129358,"Manta Ray",2013,0,1,"2013-11-29T13:26:43Z","197.892","6.883",23
"486","5213012","5213012",129357,"Manta Ray",2013,0,1,"2013-11-28T20:42:11Z","197.887","5.881",16
"487","5213013","5213013",129360,"Manta Ray",2013,0,1,"2014-03-05T20:56:15Z","210.737","8.908",8
"488","5214001","5214001",135895,"Manta Ray",2014,0,1,"2014-04-07T22:41:15Z","71.303","-6.401",19
"489","5214002","5214002",135886,"Manta Ray",2014,0,1,"2014-04-08T02:59:03Z","72.379","-6.013",18
"490","5215003","5215003",147086,"Manta Ray",2015,0,1,"2015-09-23T16:45:28Z","72.468","-7.406",2
"491","5215004","5215004",147088,"Manta Ray",2015,0,1,"2015-03-29T10:35:37Z","71.497","-6.738",16
"492","5215014","5215014",147089,"Manta Ray",2015,0,1,"2015-04-12T23:47:48Z","72.286","-5.294",17
"493","5216006","5216006",152297,"Manta Ray",2016,0,1,"2016-06-27T03:21:05Z","71.666","-6.785",17
"494","5216007","5216007",152293,"Manta Ray",2016,0,1,"2016-04-16T13:35:37Z","71.058","-6.175",16
"495","5216008","5216008",152271,"Manta Ray",2016,0,1,"2016-10-08T12:39:50Z","65.887","-4.474",11
"496","5216015","5216015",160265,"Manta Ray",2016,0,1,"2016-04-19T14:41:15Z","71.385","-6.677",20
"497","5216017","5216017",160270,"Manta Ray",2016,0,1,"2016-12-25T13:20:37Z","72.255","-5.305",9
"498","5216018","5216018",160264,"Manta Ray",2016,0,1,"2016-10-12T21:17:48Z","72.188","-5.184",19
"499","5216021","5216021",160268,"Manta Ray",2016,0,1,"2017-03-15T01:56:15Z","81.648","-4.046",20
"500","5216025","5216025",132992,"Manta Ray",2016,0,1,"2016-08-17T04:08:26Z","72.474","-7.399",1
"501","5216028","5216028",126287,"Manta Ray",2016,0,1,"2016-03-03T15:56:15Z","71.455","-6.476",14
"502","5218001","5218001",173435,"Manta Ray",2018,0,1,"2018-08-10T11:17:48Z","279.49","-3.513",1
"503","5218002","5218002",173433,"Manta Ray",2018,0,1,"2018-11-01T03:37:30Z","69.261","-8.358",10
"504","5218003","5218003",173434,"Manta Ray",2018,0,1,"2018-05-18T03:36:33Z","71.328","-6.674",5
"505","5218005","5218005",173613,"Manta Ray",2018,0,1,"2018-09-29T13:31:52Z","270.681","-6.044",12
"506","5704001","5704001",52219,"Oceanic Whitetip Shark",2004,0,0,"2004-10-14T12:59:52Z","255.4","8.579",1
"507","5704003","5704003",52213,"Oceanic Whitetip Shark",2004,0,0,"2004-10-21T15:22:58Z","247.614","10.694",1
"508","6804002","6804002",41728,"Greenland Shark",2004,0,1,"2004-11-02T19:34:55Z","291.88202","49.262",3
"509","6904002","6904002",52231,"Silky Shark",2004,0,1,"2004-12-26T10:46:24Z","244.252","14.874",5
"510","6904003","6904003",52232,"Silky Shark",2004,0,1,"2004-11-11T17:28:00Z","247.426","12.325",1
"511","6904004","6904004",53808,"Silky Shark",2004,0,1,"2004-11-10T09:29:52Z","247.017","11.649",2
"512","6908001","6908001",84653,"Silky Shark",2008,0,0,"2008-07-06T16:16:38Z","273.07098","5.675",1
"513","6913001","6913001",126318,"Silky Shark",2013,0,1,"2013-05-10T07:12:39Z","82.611","-5.234",14
"514","6913002","6913002",126296,"Silky Shark",2013,0,0,"2013-11-27T09:32:48Z","72.926","-6.154",1
"515","6917001","6917001",168883,"Silky Shark",2017,0,1,"2017-03-13T20:49:41Z","134.214","7.765",17
"516","6917002","6917002",168880,"Silky Shark",2017,0,1,"2017-07-19T01:24:22Z","134.245","7.385",15
"517","6917003","6917003",168882,"Silky Shark",2017,0,1,"2017-07-11T22:54:22Z","134.236","7.377",16
"518","6918001","6918001",173618,"Silky Shark",2018,0,1,"2018-11-30T04:23:26Z","40.297","-3.28",3
"519","7410001","7410001",61965,"Tiger Shark",2010,0,0,"2010-09-05T03:53:54Z","325.104","-8.122",1
"520","7508001","7508001",82922,"Porbeagle Shark",2008,0,1,"2009-01-31T01:32:06Z","181.234","-36.163",6
"521","7508002","7508002",82923,"Porbeagle Shark",2008,0,1,"2009-03-19T14:48:30Z","176.796","-43.959",10
"522","7509002","7509002",68294,"Porbeagle Shark",2009,0,1,"2009-09-04T04:35:37Z","166.531","-36.516",7
"523","7517001","7517001",33148,"Porbeagle Shark",2017,0,0,"2017-08-11T22:55:18Z","289.78","42.964",5
"524","7517002","7517002",33140,"Porbeagle Shark",2017,0,0,"2017-08-19T02:40:18Z","290.914","43.722",3
"525","7707001","7707001",68322,"Sandtiger Shark",2007,0,1,"2007-12-31T10:29:31Z","279.401","4.246",3
"526","7707002","7707002",74614,"Sandtiger Shark",2007,0,1,"2007-05-03T09:13:07Z","279.197","2.842",7
"527","7708001","7708001",79776,"Sandtiger Shark",2008,0,1,"2008-04-07T09:43:49Z","277.419","3.717",6
"528","7708002","7708002",79777,"Sandtiger Shark",2008,0,1,"2008-04-16T19:00:28Z","278.655","3.317",7
"529","7708003","7708003",79778,"Sandtiger Shark",2008,0,1,"2008-07-24T11:20:23Z","282.01898","3.206",5
"530","7915001","7915001",60993,"Smooth Hammerhead",2015,0,0,"2015-07-06T01:19:13Z","242.93399","31.728",4
"531","unknown","unknown",111527,"Devil Ray",9999,0,1,"2012-06-29T02:38:26Z","247.222","19.206",14
